INSERT INTO maps(id, name, image_src, circle_diameter, center_lat, center_lng, valid_radius) VALUES 
(1, "Bull Skin Creek", "/assets/images/map.png", 0.01490066225, 34.6457, -81.0815, 4.25),
(2, "Wateree Creek", "/assets/images/wateree.png", 0.014154870940882597, 34.4969, -80.9303, 1.5),
(3, "Minton Creek", "/assets/images/minton.png", 0.015, 34.4473, -81.0139, 1.22),
(4, "White Oak", "/assets/images/whiteoak.png", 0.014950166112956811, 34.4620, -81.1588, 2.56),
(5, "Horse Branch", "/assets/images/horsebranch.png", 0.014827018121911038, 34.4249, -80.9506, 2.48);

INSERT INTO locations(id, name, map_id, x, y) VALUES
(1, "1B", 1, 0.2907350993377483, 0.19740229885057472),
(2, "2B", 1, 0.3294701986754967, 0.28991060025542786),
(3, "3B", 1, 0.4478476821192053, 0.27458492975734355),
(4, "4B", 1, 0.49503311258278143, 0.23116219667943805),
(5, "5B", 1, 0.25, 0.39208173690932313),
(6, "6B", 1, 0.3445430463576159, 0.3956360153256705),
(7, "7B", 1, 0.43625827814569534, 0.3895274584929757),
(8, "8B", 1, 0.1804635761589404, 0.5019157088122606),
(9, "9B", 1, 0.27483443708609273, 0.4789272030651341),
(10, "10B", 1, 0.38079470198675497, 0.5095785440613027),
(11, "11B", 1, 0.45795364238410596, 0.4671558109833972),
(12, "12B", 1, 0.271523178807947, 0.6679438058748404),
(13, "13B", 1, 0.304635761589404, 0.6309067688378033),
(14, "14B", 1, 0.36258278145695366, 0.6130268199233716),
(15, "15B", 1, 0.3667218543046358, 0.7215836526181354),
(16, "16B", 1, 0.4470198675496689, 0.7445721583652618),
(17, "17B", 1, 0.18543046357615894, 0.5593869731800766),
(18, "19B", 1, 0.34519867549668876, 0.7471264367816092),
(19, "20B", 1, 0.31539735099337746, 0.789272030651341),
(20, "21B", 1, 0.23841059602649006, 0.7369093231162197),
(21, "22B", 1, 0.1870860927152318, 0.6283524904214559);

INSERT INTO locations(id, name, map_id, x, y) VALUES
(22, "1", 2, 0.49333888426311406, 0.6227735368956743),
(23, "19", 2, 0.45670274771024144, 0.6673027989821882),
(24, "20", 2, 0.40091590341382183, 0.7131043256997456),
(25, "21", 2, 0.41423813488759365, 0.6431297709923665),
(26, "22", 2, 0.3476269775187344, 0.6329516539440203),
(27, "23", 2, 0.3351373855120733, 0.6698473282442748),
(28, "24", 2, 0.24687760199833472, 0.6380407124681934),
(29, "25", 2, 0.2793505412156536, 0.6774809160305344),
(30, "26", 2, 0.25353871773522063, 0.7232824427480916),
(31, "27", 2, 0.4283930058284763, 0.5578880407124682),
(32, "28", 2, 0.40008326394671107, 0.5108142493638677),
(33, "29", 2, 0.3234804329725229, 0.4446564885496183),
(34, "30", 2, 0.4750208159866778, 0.5235368956743003),
(35, "31", 2, 0.4675270607826811, 0.48536895674300257),
(36, "32", 2, 0.39592006661115736, 0.45610687022900764),
(37, "33", 2, 0.3259783513738551, 0.3848600508905852),
(38, "34", 2, 0.429225645295587, 0.42811704834605596),
(39, "35", 2, 0.38343047460449625, 0.38740458015267176),
(40, "36", 2, 0.3759367194004996, 0.339058524173028),
(41, "37", 2, 0.4750208159866778, 0.4179389312977099),
(42, "38", 2, 0.4208992506244796, 0.344147582697201),
(43, "100", 2, 0.21523730224812657, 0.6138676844783715),
(44, "101", 2, 0.17027477102414654, 0.6342239185750637),
(45, "102", 2, 0.13613655287260615, 0.6787531806615776),
(46, "103", 2, 0.09950041631973355, 0.7258269720101781),
(47, "117", 2, 0.22772689425478768, 0.5337150127226463);

INSERT INTO locations(id, name, map_id, x, y) VALUES
(48, "1M", 3, 0.19333333333333333, 0.5139949109414759),
(49, "2M", 3, 0.23666666666666666, 0.7391857506361323),
(50, "3M", 3, 0.235, 0.6310432569974554),
(51, "4M", 3, 0.24083333333333334, 0.5419847328244275),
(52, "5M", 3, 0.2783333333333333, 0.49745547073791346),
(53, "6M", 3, 0.335, 0.5687022900763359),
(54, "7M", 3, 0.35, 0.46055979643765904),
(55, "8M", 3, 0.395, 0.5089058524173028),
(56, "9M", 3, 0.38333333333333336, 0.6323155216284987),
(57, "10M", 3, 0.495, 0.5661577608142494),
(58, "11M", 3, 0.44, 0.5852417302798982),
(59, "12M", 3, 0.44166666666666665, 0.7099236641221374),
(60, "13M", 3, 0.4791666666666667, 0.6412213740458015),
(61, "14M", 3, 0.505, 0.7442748091603053),
(62, "15M", 3, 0.5516666666666666, 0.6590330788804071),
(63, "16M", 3, 0.5966666666666667, 0.5928753180661578);

INSERT INTO locations(id, name, map_id, x, y) VALUES
(64, "1W", 4, 0.5855481727574751, 0.18007662835249041),
(65, "2W", 4, 0.665282392026578, 0.27330779054916987),
(66, "3W", 4, 0.45016611295681064, 0.16347381864623245),
(67, "4W", 4, 0.5465116279069767, 0.2567049808429119),
(68, "5W", 4, 0.5996677740863787, 0.34099616858237547),
(69, "6W", 4, 0.4269102990033223, 0.24010217113665389),
(70, "7W", 4, 0.4335548172757475, 0.30268199233716475),
(71, "8W", 4, 0.47840531561461797, 0.3384418901660281),
(72, "9W", 4, 0.5157807308970099, 0.38058748403575987),
(73, "10W", 4, 0.5755813953488372, 0.47126436781609193),
(74, "11W", 4, 0.4219269102990033, 0.37037037037037035),
(75, "12W", 4, 0.4601328903654485, 0.49680715197956576),
(76, "13W", 4, 0.5199335548172758, 0.5351213282247765),
(77, "14W", 4, 0.3446843853820598, 0.4559386973180077),
(78, "15W", 4, 0.33056478405315615, 0.5389527458492975),
(79, "16W", 4, 0.4111295681063123, 0.5862068965517241),
(80, "17W", 4, 0.3488372093023256, 0.6500638569604087),
(81, "18W", 4, 0.45016611295681064, 0.7394636015325671),
(82, "19W", 4, 0.36627906976744184, 0.7113665389527458),
(83, "20W", 4, 0.3654485049833887, 0.7752234993614304),
(84, "21W", 4, 0.2599667774086379, 0.6079182630906769),
(85, "22W", 4, 0.2616279069767442, 0.6628352490421456),
(86, "23W", 4, 0.25830564784053156, 0.7215836526181354),
(87, "24W", 4, 0.2558139534883721, 0.7931034482758621),
(88, "25W", 4, 0.19352159468438537, 0.5747126436781609),
(89, "26W", 4, 0.1744186046511628, 0.6743295019157088),
(90, "27W", 4, 0.15780730897009967, 0.45977011494252873),
(91, "28W", 4, 0.1345514950166113, 0.6028097062579821);

INSERT INTO locations(id, name, map_id, x, y) VALUES
(92, "1H", 5, 0.33031301482701814, 0.19216182048040456),
(93, "2H", 5, 0.20510708401976935, 0.37926675094816686),
(94, "3H", 5, 0.33607907742998355, 0.4361567635903919),
(95, "4H", 5, 0.3970345963756178, 0.3805309734513274),
(96, "5H", 5, 0.21911037891268534, 0.47661188369152974),
(97, "6H", 5, 0.3212520593080725, 0.5297092288242731),
(98, "7H", 5, 0.15403624382207579, 0.5828065739570164),
(99, "8H", 5, 0.2784184514003295, 0.5752212389380531),
(100, "9H", 5, 0.3525535420098847, 0.5903919089759798),
(101, "10H", 5, 0.15980230642504117, 0.695322376738306),
(102, "11H", 5, 0.07248764415156507, 0.7876106194690266),
(103, "12H", 5, 0.12273476112026359, 0.9127686472819216),
(104, "13H", 5, 0.4382207578253707, 0.07458912768647281),
(105, "14H", 5, 0.38220757825370677, 0.26169405815423513),
(106, "15H", 5, 0.45551894563426687, 0.19848293299620734),
(107, "16H", 5, 0.514003294892916, 0.17193426042983564),
(108, "17H", 5, 0.5543657331136738, 0.2692793931731985);

INSERT INTO borders(location_id_a, location_id_b) VALUES
(1, 2),
(2, 5),
(2, 6),
(2, 7),
(3, 4),
(3, 7),
(5, 6),
(5, 8),
(5, 9),
(6, 7),
(6, 9),
(6, 10),
(7, 10),
(7, 11),
(8, 17),
(9, 17),
(10, 11),
(10, 14),
(11, 14),
(12, 13),
(12, 20),
(12, 21),
(13, 14),
(13, 15),
(13, 18),
(14, 15),
(15, 16),
(15, 18),
(17, 21),
(18, 19),
(20, 21);

INSERT INTO borders(location_id_a, location_id_b) VALUES
(22, 23),
(23, 24),
(23, 25),
(23, 31),
(24, 25),
(24, 26),
(25, 26),
(26, 27),
(27, 28),
(27, 29),
(28, 29),
(28, 43),
(29, 30),
(29, 44),
(31, 32),
(31, 34),
(32, 33),
(32, 35),
(32, 36),
(33, 36),
(33, 37),
(34, 35),
(35, 36),
(35, 38),
(35, 41),
(36, 37),
(36, 38),
(37, 39),
(38, 39),
(38, 41),
(39, 40),
(39, 42),
(40, 42),
(41, 42),
(43, 44),
(43, 47),
(44, 45),
(45, 46);

INSERT INTO borders(location_id_a, location_id_b) VALUES
(48, 50),
(48, 51),
(49, 50),
(50, 51),
(50, 52),
(51, 52),
(52, 53),
(52, 54),
(53, 54),
(53, 55),
(53, 56),
(54, 55),
(55, 56),
(55, 57),
(55, 58),
(56, 58),
(56, 59),
(57, 58),
(57, 60),
(57, 62),
(58, 59),
(58, 60),
(59, 60),
(59, 61),
(60, 61),
(60, 62),
(61, 62),
(62, 63);

INSERT INTO borders(location_id_a, location_id_b) VALUES
(64, 65),
(64, 67),
(64, 68),
(65, 68),
(66, 67),
(66, 69),
(67, 68),
(67, 69),
(67, 71),
(67, 72),
(67, 73),
(68, 73),
(69, 70),
(69, 71),
(70, 71),
(70, 74),
(71, 72),
(71, 74),
(72, 73),
(72, 74),
(72, 75),
(72, 76),
(73, 76),
(74, 75),
(75, 76),
(75, 77),
(75, 78),
(75, 79),
(76, 79),
(77, 78),
(78, 79),
(78, 80),
(78, 84),
(79, 80),
(79, 81),
(80, 81),
(80, 82),
(80, 85),
(81, 82),
(81, 83),
(82, 83),
(82, 85),
(82, 86),
(83, 87),
(84, 85),
(84, 88),
(85, 86),
(85, 89),
(86, 87),
(86, 89),
(88, 89),
(88, 90),
(89, 90),
(89, 91),
(90, 91);

INSERT INTO borders(location_id_a, location_id_b) VALUES
(92, 95),
(92, 104),
(92, 105),
(93, 94),
(93, 96),
(93, 97),
(94, 95),
(94, 97),
(95, 105),
(95, 106),
(96, 97),
(96, 98),
(96, 99),
(97, 99),
(97, 100),
(98, 101),
(99, 100),
(101, 102),
(102, 103),
(104, 105),
(104, 106),
(104, 107),
(105, 106),
(106, 107),
(107, 108);